,ts_code,cluster_id
1228,2815,0
415,968,0
1470,300082,0
2506,600330,0
1333,2930,0
2392,600195,0
3014,600995,0
137,553,1
2295,600079,1
2652,600528,1
893,2459,1
2798,600699,1
556,2115,2
835,2400,2
1625,300242,2
1802,300422,3
1667,300284,3
1551,300166,3
398,948,3
1429,300040,3
1302,2895,3
1543,300158,3
3,6,3
2274,600054,3
2812,600716,3
329,837,4
74,408,4
90,429,4
499,2056,4
897,2463,4
912,2479,4
2713,600598,4
2966,600888,4
375,912,4
421,975,4
1117,2690,5
193,628,5
802,2367,5
1971,300595,5
2183,300821,5
2468,600285,5
478,2035,5
451,2007,5
719,2283,5
2887,600798,6
540,2099,6
524,2083,6
416,969,6
2604,600469,6
2521,600351,6
136,552,6
140,557,6
1858,300479,7
1932,300555,7
104,514,7
1766,300386,7
1469,300081,7
927,2494,7
2547,600381,7
2438,600249,7
117,530,7
2483,600303,7
737,2301,8
917,2484,9
383,922,9
763,2327,9
3008,600987,9
1524,300138,9
768,2332,9
1122,2695,9
2398,600201,9
2709,600594,9
2363,600161,9
1577,300193,10
1584,300200,10
59,153,10
1598,300214,10
833,2398,10
1939,300562,10
1966,300590,10
1291,2883,10
1208,2790,11
1095,2666,11
793,2357,11
1330,2927,11
2422,600229,11
1924,300547,11
1513,300127,11
432,989,11
1409,300019,12
1943,300566,12
816,2381,12
873,2438,12
333,850,13
883,2448,13
722,2286,13
732,2296,14
317,821,14
2588,600444,14
1230,2817,14
2275,600055,14
1824,300445,14
2871,600780,15
127,541,16
2297,600081,16
2327,600118,16
2272,600052,17
1190,2771,17
38,56,17
1760,300380,17
2287,600070,17
1439,300050,17
1100,2671,17
1750,300369,17
10,14,17
959,2529,17
990,2560,18
555,2114,18
2396,600199,18
1443,300054,18
2009,300634,18
2803,600706,18
1194,2775,18
918,2485,18
753,2317,19
2042,300668,19
3169,688528,19
1767,300387,19
1671,300288,19
2158,300793,19
284,777,20
2133,300766,20
1618,300235,20
1797,300417,20
1955,300579,21
2600,600463,21
1314,2908,22
1847,300468,22
1359,2967,22
2879,600790,22
2077,300703,22
2241,300883,22
2201,300840,22
1984,300608,23
1870,300491,23
1271,2862,23
476,2033,23
429,985,23
2928,600847,23
1293,2885,24
3083,688138,24
2080,300707,24
1787,300407,24
1442,300053,24
911,2478,25
1903,300525,25
84,421,25
1890,300511,25
1007,2577,26
2322,600113,26
2168,300805,26
1709,300326,26
1491,300105,26
1674,300291,26
2570,600410,26
2656,600532,26
372,909,26
665,2227,27
1148,2725,27
2389,600191,27
1635,300252,27
1123,2696,27
3131,688321,27
2664,600543,27
1900,300521,27
1202,2783,28
2727,600613,28
1229,2816,28
1169,2748,28
2218,300859,28
1199,2780,28
1266,2857,29
1575,300191,29
2323,600114,29
2091,300719,29
1631,300248,29
133,548,30
1054,2625,30
2864,600773,30
1057,2628,30
2792,600693,30
848,2413,30
1139,2715,31
620,2181,31
2728,600615,31
2428,600235,31
280,762,31
1525,300139,31
184,616,31
1056,2627,31
1846,300467,31
2913,600828,32
2752,600644,32
231,688,33
311,813,33
1061,2632,33
557,2116,33
2436,600246,33
1607,300224,33
484,2041,33
1040,2611,33
98,505,33
2833,600738,34
2989,600965,34
1428,300039,34
764,2328,34
2380,600182,34
1819,300440,34
1080,2651,34
676,2238,34
1389,3000,35
2484,600305,35
121,534,35
1687,300304,35
1115,2688,35
525,2084,36
760,2324,36
1615,300232,36
203,639,36
1557,300172,37
456,2012,37
1028,2598,37
1894,300515,37
989,2559,37
1322,2917,37
1805,300425,37
1254,2843,38
785,2349,38
1248,2836,38
1089,2660,38
2830,600735,38
520,2079,38
1936,300559,39
458,2014,39
1576,300192,39
970,2540,39
2677,600559,39
1313,2907,39
1863,300484,39
1703,300320,39
633,2194,39
274,755,40
1621,300238,40
1566,300181,40
1854,300475,40
162,590,41
708,2272,41
1878,300499,41
17,25,41
354,886,41
2001,300626,41
2621,600493,41
2162,300798,42
1001,2571,42
1203,2785,42
2433,600241,42
1134,2708,42
177,608,43
1996,300621,43
1487,300100,43
2933,600854,43
2780,600679,43
2008,300633,43
2918,600834,44
2317,600106,44
1777,300397,44
1096,2667,44
2825,600730,44
2866,600775,44
1232,2819,45
1296,2888,45
2917,600833,45
1952,300576,45
3070,688098,45
1886,300507,45
847,2412,45
1725,300342,45
2361,600159,46
1782,300402,46
2961,600883,46
1702,300319,46
1737,300354,46
410,962,46
1792,300412,47
981,2551,47
2113,300743,47
1957,300581,47
1227,2813,47
795,2360,47
1961,300585,47
1011,2581,47
925,2492,47
670,2232,48
1073,2644,48
605,2166,48
1981,300605,48
2044,300670,49
1794,300414,49
249,713,49
1791,300411,49
2028,300654,49
1153,2730,49
1597,300213,50
1212,2795,50
1499,300113,50
2678,600560,50
1540,300154,50
1809,300429,50
389,929,51
1658,300275,51
1010,2580,51
2052,300678,51
1020,2590,51
1512,300126,51
536,2095,51
1973,300597,51
1239,2826,51
662,2224,52
2012,300637,52
2931,600851,52
1893,300514,52
1490,300103,52
1578,300194,52
1253,2842,52
1910,300532,52
714,2278,53
461,2017,53
1664,300281,53
1182,2762,53
1825,300446,53
648,2209,53
3159,688488,53
2049,300675,54
667,2229,54
1555,300170,54
534,2093,54
1338,2937,55
2351,600148,55
3150,688389,55
3184,688588,55
827,2392,55
119,532,55
1479,300092,55
1147,2724,55
2071,300697,55
514,2073,56
2534,600366,56
1572,300188,56
1290,2882,56
326,833,56
2589,600446,57
591,2152,57
886,2452,57
621,2182,57
976,2546,58
417,970,58
2934,600855,58
1038,2609,58
799,2364,58
1188,2769,58
179,610,58
2470,600288,58
1746,300365,58
951,2520,59
1729,300346,59
2865,600774,59
304,803,59
1718,300335,60
1648,300265,60
3109,688222,60
830,2395,60
1722,300339,60
1529,300143,60
2733,600620,60
2039,300665,60
2921,600838,60
500,2057,61
1424,300035,61
762,2326,61
3090,688166,61
1406,300016,61
173,603,61
26,36,62
1614,300231,63
1830,300451,63
1646,300263,63
558,2117,63
839,2404,63
1256,2846,63
1201,2782,64
1638,300255,64
1612,300229,64
1610,300227,64
422,976,64
1916,300538,64
1315,2909,64
1087,2658,65
150,570,65
2924,600843,65
250,715,65
1712,300329,65
2118,300749,65
966,2536,66
488,2045,66
402,952,66
2714,600599,66
867,2432,66
2092,300720,66
1757,300377,66
1987,300611,67
1523,300137,67
1247,2835,67
1859,300480,67
774,2338,67
2161,300797,67
1498,300112,67
706,2270,68
1831,300452,68
1419,300030,68
1697,300314,68
836,2401,68
523,2082,69
2593,600455,70
1301,2893,70
510,2067,70
2023,300649,71
2639,600513,71
589,2150,71
1348,2951,71
870,2435,71
1114,2687,71
1873,300494,71
1669,300286,72
2141,300775,72
1334,2931,72
1196,2777,72
1901,300522,72
1882,300503,72
2061,300687,72
2002,300627,72
1286,2878,72
1482,300095,72
2536,600368,73
550,2109,73
2702,600586,73
341,862,73
2892,600804,74
961,2531,74
849,2414,74
439,1696,74
2646,600521,74
664,2226,74
580,2139,74
963,2533,74
576,2135,74
1820,300441,75
1399,300009,75
726,2290,75
593,2154,75
549,2108,75
787,2351,75
1724,300341,75
1642,300259,75
1537,300151,75
308,810,76
362,897,76
922,2489,76
2503,600327,76
1124,2697,76
1125,2698,76
1070,2641,76
568,2127,76
563,2122,76
253,718,76
1183,2763,77
1065,2636,77
181,612,77
1476,300088,78
2513,600338,78
942,2511,78
584,2145,78
2946,600867,78
2781,600681,78
1838,300459,78
807,2372,78
683,2245,79
2626,600499,79
486,2043,79
2018,300643,80
1014,2584,80
1289,2881,80
2081,300708,80
318,822,80
381,920,80
623,2184,80
1997,300622,80
146,565,80
13,19,81
2914,600829,81
539,2098,82
2605,600470,82
338,859,82
1733,300350,82
1402,300012,83
2402,600207,83
3009,600988,83
233,691,83
102,510,83
571,2130,83
1602,300219,84
948,2517,84
325,831,84
837,2402,85
654,2215,85
1082,2653,85
1132,2706,85
2988,600963,86
548,2107,86
332,848,86
2411,600217,87
880,2445,87
2779,600678,87
12,17,87
2920,600836,87
2448,600261,87
2427,600234,87
1811,300432,88
2167,300803,88
2186,300824,88
1919,300541,88
1500,300114,88
2143,300777,88
560,2119,89
1170,2749,89
2941,600862,89
1783,300403,89
660,2222,89
447,2003,89
3118,688278,89
1035,2606,89
1832,300453,89
983,2553,90
577,2136,90
116,529,90
1215,2799,90
1740,300357,90
1515,300129,90
1626,300243,90
1780,300400,90
204,650,90
2955,600876,91
2078,300705,91
154,576,91
1795,300415,91
2986,600961,92
85,422,92
2559,600395,92
1317,2911,92
969,2539,92
696,2259,93
2507,600331,93
603,2164,93
512,2069,93
748,2312,93
2724,600610,93
554,2113,93
1840,300461,93
546,2105,93
1770,300390,93
1250,2838,94
597,2158,94
2228,300869,94
1245,2832,94
314,818,94
2731,600618,94
2374,600173,94
1710,300327,94
1219,2803,94
920,2487,94
1175,2755,95
1365,2973,95
1386,2996,95
2117,300748,95
1921,300543,96
1105,2677,96
2902,600817,96
693,2255,96
2368,600167,96
655,2216,96
1590,300206,96
2890,600802,96
2826,600731,96
1907,300529,97
1268,2859,97
1347,2950,97
964,2534,97
698,2262,97
653,2214,97
1370,2979,97
399,949,98
2110,300740,98
842,2407,98
1193,2774,98
877,2442,98
1796,300416,98
2065,300691,98
434,993,98
608,2169,98
1507,300121,99
1963,300587,99
1310,2903,99
903,2469,99
1969,300593,99
916,2483,99
1839,300460,99
2967,600889,99
2706,600590,99
2079,300706,100
3181,688579,100
1163,2741,100
781,2345,100
957,2527,100
1926,300549,100
2638,600512,101
2688,600571,101
2094,300722,101
1486,300099,101
1980,300604,101
2265,600035,101
1604,300221,101
1184,2765,101
1623,300240,101
2875,600784,101
232,690,102
262,729,102
2457,600273,102
294,791,102
2565,600403,102
448,2004,102
2923,600841,103
985,2555,103
2432,600239,103
538,2097,103
507,2064,103
2340,600132,104
680,2242,104
2870,600779,104
270,739,104
1699,300316,104
237,698,104
2687,600570,104
2725,600611,105
342,863,105
2767,600662,105
1341,2941,105
395,936,105
1874,300495,106
581,2140,106
899,2465,106
1519,300133,106
895,2461,106
2900,600814,106
690,2252,106
2719,600604,106
2440,600251,107
1773,300393,107
1018,2588,107
712,2276,107
2718,600603,108
869,2434,108
754,2318,108
2377,600178,108
2951,600872,108
463,2020,108
630,2191,108
2383,600185,109
2307,600095,109
574,2133,109
2770,600665,109
2657,600533,109
1405,300015,110
277,758,110
289,785,110
2562,600398,110
143,560,110
470,2027,110
72,404,110
993,2563,110
2735,600622,110
1099,2670,111
2557,600392,111
2482,600302,112
1539,300153,112
2926,600845,113
1533,300147,113
1053,2624,113
2929,600848,113
1393,300003,113
2306,600094,114
33,46,114
2783,600683,114
2633,600507,114
915,2482,114
2473,600291,114
2403,600208,114
2313,600101,115
800,2365,115
996,2566,115
483,2040,115
55,99,115
1817,300438,115
884,2449,115
1568,300183,115
2744,600636,115
2535,600367,116
1237,2824,116
678,2240,116
1425,300036,117
2105,300735,117
1768,300388,117
412,965,117
2382,600184,117
37,55,117
1410,300020,117
2628,600501,117
974,2544,117
1574,300190,117
1855,300476,118
2107,300737,118
1946,300569,118
723,2287,118
2598,600461,118
2592,600452,118
496,2053,118
1235,2822,119
1528,300142,119
681,2243,119
1009,2579,119
930,2497,119
1101,2672,120
364,899,120
1945,300568,120
2005,300630,121
2056,300682,121
2040,300666,121
2927,600846,121
1860,300481,121
1350,2953,121
3179,688568,121
1423,300034,121
1778,300398,121
2108,300738,122
2953,600874,122
1998,300623,122
2980,600933,122
567,2126,122
2048,300674,122
497,2054,123
81,417,123
1937,300560,123
1640,300257,123
2109,300739,123
1978,300602,123
213,665,124
174,605,125
2748,600640,125
704,2268,125
1509,300123,125
3074,688106,125
82,419,125
1835,300456,125
1446,300057,125
588,2149,125
2279,600059,125
2207,300847,126
1681,300298,126
1158,2735,126
2011,300636,126
135,551,126
2030,300656,126
2240,300882,126
709,2273,126
1909,300531,126
1280,2871,126
360,893,127
2086,300713,127
1075,2646,127
466,2023,127
1004,2574,127
906,2472,127
3024,688007,127
32,45,127
2843,600749,128
1220,2805,128
2296,600080,128
1243,2830,128
1601,300218,128
1927,300550,128
2010,300635,128
453,2009,128
612,2173,129
840,2405,129
2863,600771,129
1816,300437,129
767,2331,129
1484,300097,129
1968,300592,129
3001,600980,130
684,2246,130
3165,688518,130
2112,300742,130
64,159,130
2915,600830,130
2409,600215,130
731,2295,130
1516,300130,131
2610,600479,131
2187,300825,131
1151,2728,131
207,655,131
1436,300047,131
481,2038,131
1197,2778,132
2372,600171,132
2054,300680,132
1801,300421,132
1643,300260,133
2099,300727,133
949,2518,133
1752,300371,133
1743,300360,133
3072,688100,133
2075,300701,133
2067,300693,133
2238,300880,134
1826,300447,134
1249,2837,134
3183,688586,134
1668,300285,134
1430,300041,134
988,2558,134
132,547,135
1559,300174,135
1781,300401,135
1431,300042,135
1876,300497,135
1982,300606,135
1891,300512,135
1349,2952,136
2038,300664,136
1300,2892,136
2043,300669,136
1269,2860,136
1898,300519,136
2707,600592,136
1947,300570,136
1225,2811,137
991,2561,137
2062,300688,137
798,2363,137
1438,300049,137
1186,2767,137
242,705,137
1734,300351,137
385,925,138
1236,2823,138
2342,600135,138
1143,2719,138
811,2376,138
636,2197,138
2720,600605,138
1205,2787,138
1535,300149,139
226,681,139
1277,2868,139
1865,300486,139
2690,600573,139
1154,2731,139
2102,300731,139
1241,2828,139
1628,300245,139
644,2205,140
356,888,140
1394,300004,140
1198,2779,140
1918,300540,140
1309,2902,140
2344,600137,141
380,919,141
3045,688033,141
1506,300120,141
860,2425,141
2025,300651,141
1689,300306,142
564,2123,142
1931,300554,142
2020,300645,142
2874,600783,142
1899,300520,142
54,96,142
1233,2820,142
489,2046,142
1754,300374,143
1221,2806,143
366,901,143
1915,300537,143
1213,2796,143
1200,2781,143
1821,300442,143
2121,300752,143
2074,300700,143
2985,600960,144
3168,688521,144
1815,300436,144
1813,300434,144
727,2291,144
28,38,144
537,2096,144
1216,2800,145
1758,300378,145
1741,300358,145
2163,300799,146
2147,300781,146
3186,688596,146
1678,300295,146
2004,300629,146
148,567,147
2911,600826,147
730,2294,147
2999,600977,147
975,2545,147
734,2298,147
1444,300055,147
2742,600633,147
3065,688088,147
2764,600658,147
1902,300523,148
216,668,148
1265,2856,148
1923,300546,148
2849,600756,148
3157,688418,148
2469,600287,148
2778,600676,148
1843,300464,149
1960,300584,149
2068,300694,149
1264,2855,149
2089,300717,149
1210,2792,149
2085,300712,149
3189,688600,150
2209,300849,150
309,811,150
628,2189,150
2066,300692,150
1864,300485,150
3012,600992,150
1810,300430,151
1887,300508,151
1895,300516,151
2648,600523,151
2125,300757,151
1520,300134,151
2757,600650,152
2171,300808,152
1704,300321,152
1641,300258,152
257,722,152
1922,300545,152
3069,688096,152
1744,300363,153
2126,300758,153
3123,688299,153
1999,300624,153
2166,300802,153
1814,300435,153
3173,688556,153
1775,300395,153
1764,300384,153
1867,300488,154
2060,300686,154
2190,300828,154
2122,300753,154
1363,2971,154
1356,2962,154
2242,300885,154
1346,2949,154
1374,2983,154
1761,300381,155
691,2253,155
1337,2935,155
780,2344,155
2273,600053,155
1152,2729,155
2145,300779,156
1994,300619,156
1086,2657,156
1579,300195,156
1294,2886,156
2130,300762,157
1896,300517,157
718,2282,157
1353,2957,157
888,2454,157
2041,300667,157
1006,2576,157
1759,300379,157
1242,2829,157
139,555,158
2740,600629,158
436,997,158
2466,600283,159
1387,2997,159
286,779,159
2058,300684,159
2844,600750,160
1217,2801,160
1518,300132,160
1933,300556,161
2115,300746,161
2199,300838,161
2204,300843,162
1328,2923,162
1238,2825,162
1259,2849,162
1880,300501,162
2237,300879,162
2574,600419,162
1975,300599,162
2216,300857,162
1463,300075,163
2033,300659,163
2007,300632,163
2960,600882,163
1275,2866,163
891,2457,163
1262,2852,163
838,2403,163
3023,688006,164
1953,300577,164
1223,2809,164
1364,2972,164
1360,2968,164
874,2439,164
1295,2887,164
1807,300427,164
2412,600218,164
2134,300767,164
939,2507,165
1522,300136,165
2013,300638,166
998,2568,166
1224,2810,166
692,2254,166
1308,2901,166
878,2443,166
1055,2626,167
973,2543,167
1159,2737,167
3106,688208,167
2003,300628,167
465,2022,167
1556,300171,167
2140,300773,167
841,2406,168
349,880,168
845,2410,168
460,2016,168
2822,600727,168
729,2293,168
1103,2675,168
1532,300146,169
1034,2605,169
2149,300783,169
1257,2847,170
2027,300653,170
529,2088,170
1324,2919,170
1629,300246,170
2098,300726,170
1320,2915,171
2944,600865,171
1174,2753,171
1786,300406,171
1074,2645,171
2029,300655,171
2032,300658,172
1776,300396,172
2132,300765,172
1818,300439,172
3082,688128,172
1505,300119,172
1261,2851,172
1078,2649,172
1688,300305,172
1986,300610,173
1958,300582,173
2214,300855,173
2135,300768,173
2059,300685,173
269,738,173
2090,300718,173
1218,2802,173
2070,300696,173
1072,2643,174
100,507,174
968,2538,174
613,2174,174
518,2077,174
528,2087,174
275,756,174
711,2275,174
1292,2884,175
376,913,175
469,2026,175
746,2310,176
331,839,176
215,667,176
1059,2630,176
1149,2726,177
2537,600370,177
594,2155,177
2691,600575,177
1128,2701,177
2333,600125,177
2987,600962,178
1511,300125,178
2509,600333,178
1690,300307,179
1022,2592,179
2568,600408,179
153,573,179
404,955,179
687,2249,180
225,680,180
2571,600415,180
330,838,180
368,903,180
643,2204,180
490,2047,180
1650,300267,181
3000,600979,181
2878,600789,181
892,2458,181
2579,600425,181
88,426,181
756,2320,181
42,61,181
657,2218,181
73,407,182
2384,600186,182
931,2498,182
1497,300111,182
2956,600877,182
403,953,182
602,2163,182
855,2420,182
685,2247,182
1091,2662,182
3051,688055,183
872,2437,183
2283,600063,183
2978,600917,183
700,2264,183
1344,2946,183
109,520,183
2405,600210,183
2689,600572,183
716,2280,184
194,629,184
666,2228,184
2769,600664,184
455,2011,184
2619,600490,184
1451,300063,184
543,2102,184
1517,300131,184
271,751,185
2335,600127,185
2670,600550,185
2829,600734,185
2395,600198,185
327,835,185
230,687,185
1661,300278,185
2485,600306,185
1111,2684,186
83,420,186
792,2356,186
2463,600280,186
1639,300256,186
243,707,186
487,2044,186
2418,600225,186
1570,300185,186
861,2426,186
1679,300296,187
2492,600313,187
2901,600815,187
335,852,187
905,2471,187
7,10,188
1459,300071,188
220,673,188
2820,600725,188
898,2464,188
158,585,188
825,2390,188
2527,600358,188
2364,600162,189
316,820,189
2563,600399,190
871,2436,190
1756,300376,190
1108,2681,190
645,2206,190
374,911,190
2977,600903,190
2480,600300,190
1416,300026,190
2861,600769,191
955,2524,191
509,2066,191
2907,600822,191
101,509,191
2758,600651,192
1211,2793,192
2511,600336,192
21,30,192
972,2542,193
2441,600252,193
614,2175,193
2674,600556,193
1140,2716,193
856,2421,193
255,720,193
736,2300,194
3007,600986,194
889,2455,195
790,2354,195
967,2537,196
1496,300110,196
201,637,196
2442,600255,196
427,982,196
1868,300489,197
2909,600824,197
1738,300355,197
881,2446,197
3129,688313,197
1411,300021,197
2016,300641,197
1060,2631,197
2650,600526,197
733,2297,197
1617,300234,198
1698,300315,198
2867,600776,198
2717,600602,198
1168,2747,198
506,2063,198
2819,600724,199
2766,600661,199
2939,600860,199
2399,600202,199
663,2225,199
2997,600975,199
914,2481,199
1731,300348,199
1454,300066,199
2630,600503,200
1541,300155,200
1745,300364,200
1673,300290,200
2193,300831,200
1800,300420,200
1599,300215,201
3003,600982,201
2979,600929,201
604,2165,202
293,790,202
1398,300008,202
796,2361,202
1749,300368,202
296,795,202
2387,600189,202
1475,300087,202
227,682,202
212,663,203
2936,600857,203
2318,600107,203
1965,300589,203
2903,600818,203
2206,300846,204
553,2112,204
1455,300067,204
859,2424,204
2945,600866,204
1962,300586,204
1285,2877,204
832,2397,204
291,788,205
1762,300382,205
3161,688505,205
1023,2593,205
1545,300160,205
1564,300179,205
2538,600371,205
1063,2634,205
1888,300509,205
144,561,206
1834,300455,206
1407,300017,206
823,2388,206
2015,300640,206
1823,300444,206
1693,300310,206
697,2261,206
1784,300404,207
1240,2827,207
2958,600880,207
1624,300241,207
165,593,207
640,2201,207
2425,600232,207
1450,300062,207
1938,300561,208
2456,600272,208
1622,300239,208
1914,300536,208
1920,300542,208
1222,2808,208
1571,300187,208
1594,300210,208
531,2090,209
1611,300228,209
908,2474,209
315,819,209
1562,300177,209
769,2333,209
1705,300322,209
1720,300337,210
1684,300301,210
853,2418,210
1085,2656,210
1652,300269,210
1116,2689,210
2525,600355,210
2524,600354,210
1417,300027,210
2649,600525,211
340,861,211
183,615,211
1113,2686,212
1917,300539,212
982,2552,212
1118,2691,212
1871,300492,212
1672,300289,212
2883,600794,213
1392,300002,213
2672,600552,213
1686,300303,213
901,2467,213
979,2549,213
1644,300261,213
946,2515,213
2651,600527,213
2545,600379,213
1079,2650,214
2587,600439,215
502,2059,215
1595,300211,215
2523,600353,216
1662,300279,216
288,782,216
276,757,216
302,801,216
450,2006,216
1106,2678,216
887,2453,216
2512,600337,217
313,816,217
2663,600540,217
947,2516,217
2419,600226,217
39,58,217
980,2550,217
1503,300117,218
2397,600200,218
2852,600759,218
1567,300182,218
720,2284,218
202,638,219
2654,600530,219
1682,300299,219
1008,2578,219
75,409,219
336,856,219
268,737,219
2846,600753,219
1872,300493,219
2603,600468,219
1742,300359,220
2338,600130,220
601,2162,220
2969,600892,220
2564,600400,220
1478,300091,220
956,2526,220
954,2523,220
885,2451,221
2818,600722,221
928,2495,221
606,2167,221
1005,2575,221
1728,300345,221
1129,2702,221
995,2565,221
2431,600238,221
1171,2750,221
1613,300230,222
2788,600689,222
2692,600576,223
2662,600539,223
1700,300317,223
1558,300173,223
2414,600220,224
198,633,224
2859,600767,224
2407,600212,224
2722,600608,224
2481,600301,225
1845,300466,225
310,812,225
1042,2613,225
1660,300277,225
435,996,225
575,2134,225
2464,600281,225
1548,300163,225
910,2476,225
418,971,226
217,669,226
924,2491,226
2797,600698,226
464,2021,226
2794,600695,226
1521,300135,226
2352,600149,226
984,2554,226
919,2486,226
2420,600227,227
699,2263,227
2583,600433,227
2888,600800,227
2609,600478,227
2602,600467,227
573,2132,228
1600,300217,228
1130,2703,228
2528,600359,228
420,973,229
609,2170,229
631,2192,230
1488,300101,230
1408,300018,230
638,2199,230
1084,2655,230
2795,600696,230
159,586,230
1421,300032,230
120,533,230
2453,600268,231
2823,600728,231
1530,300144,232
1715,300332,232
2904,600819,232
669,2231,233
2349,600145,233
16,23,233
1547,300162,233
1608,300225,233
1396,300006,233
1445,300056,233
2192,300830,234
2791,600692,234
599,2160,234
1492,300106,234
1467,300079,234
2,5,235
1630,300247,235
1083,2654,235
2661,600538,235
1827,300448,235
501,2058,235
2885,600796,235
637,2198,235
138,554,235
1790,300410,236
1655,300272,236
766,2330,236
566,2125,236
2311,600099,236
587,2148,236
2754,600647,236
2444,600257,236
863,2428,236
1561,300176,236
1044,2615,237
222,677,237
770,2334,237
724,2288,237
2391,600193,237
1726,300343,237
2612,600481,237
953,2522,237
929,2496,237
2582,600429,238
813,2378,238
130,545,238
210,659,239
721,2285,239
1173,2752,239
1666,300283,240
14,20,240
1361,2969,240
2551,600386,240
2676,600558,240
2784,600684,241
2417,600223,241
2293,600077,241
2642,600517,241
741,2305,241
2777,600675,241
298,797,241
2838,600743,241
2251,600017,242
485,2042,242
457,2013,242
2321,600111,242
986,2556,243
2623,600496,243
2948,600869,243
526,2085,243
142,559,243
516,2075,243
493,2050,243
572,2131,243
505,2062,243
2424,600231,244
258,723,244
2264,600033,244
1605,300222,245
2881,600792,245
1634,300251,245
652,2213,245
1104,2676,245
1465,300077,245
615,2176,245
1046,2617,245
2858,600766,245
2288,600071,245
2584,600435,246
2578,600423,246
1413,300023,246
2314,600103,246
164,592,246
176,607,246
2430,600237,246
627,2188,246
1747,300366,247
866,2431,247
1267,2858,247
1804,300424,247
1632,300249,248
1437,300048,248
2576,600421,248
1185,2766,248
2031,300657,249
1769,300389,249
791,2355,249
2390,600192,249
1942,300565,249
334,851,250
1656,300273,250
49,70,250
197,632,250
1471,300083,250
1489,300102,250
2880,600791,251
513,2072,251
1735,300352,251
1701,300318,251
1695,300312,251
2622,600495,251
1092,2663,251
1067,2638,251
1462,300074,251
305,806,251
1755,300375,252
351,882,252
1016,2586,253
281,766,253
1029,2599,253
809,2374,253
1717,300334,253
1653,300270,254
1739,300356,254
1441,300052,254
1457,300069,254
1988,300612,254
779,2343,254
1480,300093,254
958,2528,254
1885,300506,254
3117,688277,254
1713,300330,255
1434,300045,255
1990,300615,255
2416,600222,255
1146,2723,255
578,2137,255
1779,300399,255
1493,300107,255
545,2104,255
498,2055,256
1527,300141,256
2439,600250,256
2729,600616,256
3142,688365,256
701,2265,256
1828,300449,257
2084,300711,257
786,2350,257
1685,300302,257
251,716,257
2101,300730,257
27,37,257
1062,2633,257
2072,300698,257
2759,600652,258
616,2177,258
2298,600082,258
1464,300076,258
1928,300551,258
1799,300419,259
1026,2596,259
1912,300534,259
1127,2700,259
2632,600506,259
1716,300333,259
2435,600243,259
2645,600520,259
223,678,260
1433,300044,260
1120,2693,260
224,679,260
235,695,260
773,2337,260
2358,600156,260
1514,300128,260
728,2292,260
2910,600825,260
2947,600868,261
739,2303,261
2617,600488,261
2354,600151,261
196,631,262
1694,300311,263
2607,600476,263
852,2417,263
188,622,263
107,518,263
1538,300152,263
166,595,263
2300,600084,264
778,2342,264
2860,600768,264
1473,300085,264
80,416,264
934,2502,264
391,931,264
2737,600624,264
1017,2587,265
2366,600165,265
1711,300328,265
2685,600568,265
2385,600187,265
2037,300663,266
1550,300165,266
1466,300078,266
312,815,266
1889,300510,266
2529,600360,266
1586,300202,266
1636,300253,267
1272,2863,268
2631,600505,268
266,735,268
2302,600088,269
1164,2742,269
744,2308,269
2862,600770,269
2495,600318,269
1589,300205,269
1565,300180,270
992,2562,270
765,2329,271
2815,600719,271
1582,300198,271
2590,600448,271
634,2195,271
2316,600105,271
357,889,272
2360,600158,272
950,2519,272
1395,300005,272
2021,300647,272
1905,300527,272
2973,600896,272
2159,300795,273
2708,600593,273
1633,300250,273
3089,688165,273
3004,600983,273
625,2186,273
1088,2659,273
2556,600391,273
91,430,273
1851,300472,273
775,2339,274
2292,600076,274
157,584,274
1195,2776,274
2886,600797,274
2355,600152,274
1453,300065,274
978,2548,274
535,2094,274
944,2513,275
1107,2679,275
1850,300471,275
2516,600343,275
1474,300086,275
2882,600793,275
1785,300405,275
424,978,276
2937,600858,276
2679,600561,276
307,809,277
1536,300150,277
437,998,277
1305,2898,277
1588,300204,278
112,524,278
3075,688108,278
1068,2639,278
2741,600630,278
1534,300148,278
151,571,279
1189,2770,279
371,908,279
1094,2665,280
1039,2610,280
170,599,280
152,572,280
111,523,280
1531,300145,280
965,2535,280
2498,600321,280
2373,600172,281
1460,300072,281
2851,600758,281
278,759,281
58,151,282
943,2512,282
1071,2642,282
2305,600091,282
582,2141,282
635,2196,282
2660,600537,282
1112,2685,283
2400,600203,283
1051,2622,284
2808,600712,284
328,836,284
2566,600405,284
2533,600365,284
1013,2583,284
238,700,284
2673,600555,284
2434,600242,284
2530,600361,284
673,2235,285
1126,2699,285
1670,300287,285
1603,300220,285
1645,300262,286
287,780,286
1906,300528,286
559,2118,286
1904,300526,286
1976,300600,286
1414,300024,286
1472,300084,286
646,2207,287
1401,300011,287
1121,2694,287
1707,300324,287
1676,300293,287
941,2510,287
617,2178,287
804,2369,287
1964,300588,287
47,68,287
359,892,288
2869,600778,288
639,2200,288
1592,300208,288
2561,600397,289
705,2269,289
904,2470,289
1069,2640,289
1553,300168,289
2330,600121,289
1569,300184,290
2760,600653,290
1076,2647,290
1048,2619,290
303,802,290
221,676,290
2975,600898,291
1137,2713,291
1844,300465,291
2472,600290,291
449,2005,291
1683,300300,291
2949,600870,291
295,793,291
1502,300116,291
175,606,292
495,2052,292
2299,600083,292
1857,300478,292
236,697,292
1058,2629,292
4,7,292
2550,600385,292
2350,600146,292
1736,300353,293
818,2383,293
1021,2591,294
1311,2905,294
600,2161,294
2471,600289,294
2705,600589,295
2774,600671,295
1449,300061,295
96,503,295
99,506,295
1552,300167,295
1856,300477,295
2665,600545,296
2421,600228,296
2723,600609,296
2558,600393,296
761,2325,296
1649,300266,296
1581,300197,296
256,721,297
1050,2621,297
1485,300098,297
1675,300292,297
1554,300169,298
1848,300469,298
1483,300096,298
936,2504,298
1659,300276,298
1583,300199,298
686,2248,298
945,2514,298
1967,300591,298
2817,600721,299
299,798,299
650,2211,299
999,2569,299
180,611,299
1560,300175,299
527,2086,299
5,8,299
1696,300313,300
725,2289,300
814,2379,300
1481,300094,300
805,2370,300
694,2256,300
923,2490,300
1585,300201,300
742,2306,301
272,752,301
1415,300025,301
1412,300022,301
2328,600119,302
1081,2652,302
1647,300264,302
2925,600844,302
784,2348,302
2106,300736,302
2404,600209,302
1440,300051,302
2968,600890,302
1097,2668,303
2738,600626,303
755,2319,304
95,502,304
1119,2692,304
141,558,304
1727,300344,304
182,613,304
544,2103,304
1468,300080,304
882,2447,304
562,2121,304
343,868,305
97,504,305
715,2279,305
2319,600108,305
1000,2570,305
677,2239,305
474,2031,305
1573,300189,305
1032,2602,306
1391,300001,306
46,66,306
1251,2840,306
2244,600006,306
743,2307,306
248,712,306
2624,600497,307
2790,600691,307
854,2419,307
9,12,307
2362,600160,307
2952,600873,307
2899,600812,307
2827,600732,307
2326,600117,307
387,927,308
2992,600968,308
820,2385,308
1030,2600,308
50,78,308
2772,600667,308
446,2002,309
2942,600863,309
624,2185,309
2429,600236,309
413,966,309
2254,600020,309
2462,600279,309
2581,600428,309
2572,600416,310
933,2501,310
1141,2717,310
649,2210,310
63,158,310
426,981,310
2641,600516,310
938,2506,310
273,753,310
2868,600777,310
2370,600169,311
6,9,311
1036,2607,311
2655,600531,311
2932,600853,311
1388,2999,311
2401,600206,311
2693,600577,311
2339,600131,311
702,2266,311
864,2429,312
2775,600673,312
2489,600310,312
776,2340,312
503,2060,312
206,652,313
388,928,313
508,2065,313
2286,600067,313
23,32,313
169,598,314
2981,600936,314
2388,600190,314
172,601,314
2906,600821,314
2710,600595,314
105,516,314
2704,600588,315
2597,600460,315
937,2505,315
2365,600163,316
168,597,316
2378,600179,316
209,657,316
479,2036,316
2743,600635,316
122,536,316
2608,600477,316
60,155,316
51,88,317
1706,300323,317
2502,600326,317
3081,688126,317
2916,600831,317
1331,2928,317
1045,2616,317
1003,2573,317
2447,600260,318
3115,688266,318
745,2309,318
2872,600781,318
1418,300029,318
379,918,319
2499,600322,319
2343,600136,320
2475,600293,320
1047,2618,320
812,2377,320
757,2321,320
935,2503,320
2346,600139,320
147,566,320
1258,2848,320
89,428,321
240,702,321
794,2358,321
530,2089,321
1526,300140,321
405,957,321
777,2341,322
913,2480,322
1204,2786,322
1637,300254,322
1620,300237,322
1432,300043,322
1772,300392,322
1665,300282,323
1593,300209,323
2893,600805,323
846,2411,323
3015,600996,324
2828,600733,324
2640,600515,325
187,620,325
656,2217,325
145,564,325
2560,600396,325
2839,600744,325
890,2456,325
994,2564,325
110,521,325
2304,600090,326
1136,2712,326
2088,300716,326
1549,300164,326
1908,300530,326
960,2530,326
1723,300340,326
2811,600715,326
2730,600617,327
607,2168,328
977,2547,328
1162,2740,328
1133,2707,329
658,2219,329
2894,600807,329
1403,300013,329
1680,300297,329
772,2336,329
1751,300370,329
1544,300159,329
2599,600462,330
1542,300157,330
2450,600265,330
297,796,330
2458,600275,330
759,2323,330
801,2366,330
247,711,330
2408,600213,330
932,2499,330
1651,300268,331
3093,688177,332
2659,600536,332
178,609,332
1979,300603,332
2541,600375,333
752,2316,333
419,972,333
2490,600311,333
1144,2721,333
1400,300010,333
1427,300038,333
358,890,334
1494,300108,334
862,2427,334
2294,600078,334
76,410,334
611,2172,334
2331,600122,334
1692,300309,334
1477,300089,334
1563,300178,334
1708,300325,335
57,150,335
2761,600654,335
907,2473,335
1452,300064,336
160,587,336
2935,600856,336
425,980,336
1748,300367,336
2771,600666,336
517,2076,336
1806,300426,336
3167,688520,336
126,540,337
900,2466,338
234,692,338
2716,600601,338
2821,600726,338
2643,600518,339
586,2147,339
1161,2739,339
1721,300338,340
1719,300336,340
2496,600319,340
2840,600745,341
3046,688036,341
2267,600038,341
2611,600480,341
20,28,341
339,860,341
2613,600482,341
619,2180,341
821,2386,342
2569,600409,342
2807,600711,342
2841,600746,342
473,2030,342
2805,600708,342
710,2274,342
2501,600325,343
264,732,343
2842,600748,343
409,961,344
208,656,344
2542,600376,344
2549,600383,344
1448,300059,344
585,2146,344
2922,600839,345
192,627,345
2982,600939,346
62,157,346
1181,2761,346
532,2091,346
2629,600502,346
2315,600104,346
2437,600248,346
2994,600970,347
674,2236,347
77,411,348
2647,600522,348
747,2311,348
2461,600278,348
2595,600458,348
3017,600998,348
2596,600459,348
423,977,348
397,938,348
2477,600297,349
2371,600170,349
93,498,349
788,2352,349
2356,600153,349
504,2061,349
2514,600339,349
467,2024,350
2905,600820,351
2312,600100,351
400,950,351
454,2010,351
2268,600039,351
738,2302,351
2809,600713,352
2996,600973,352
43,62,352
261,727,352
2832,600737,352
239,701,352
610,2171,352
323,829,352
3002,600981,352
679,2241,353
843,2408,353
348,878,353
2627,600500,353
2712,600597,353
2618,600489,353
2877,600787,354
370,906,354
851,2416,354
2277,600057,354
1609,300226,354
2801,600704,354
2806,600710,354
675,2237,354
642,2203,354
2278,600058,354
2950,600871,355
2686,600569,355
2954,600875,356
2762,600655,356
2970,600893,356
682,2244,357
2601,600466,357
2831,600736,357
185,617,357
2763,600657,357
2768,600663,357
2908,600823,357
48,69,357
2451,600266,358
2269,600048,358
106,517,358
2682,600565,358
22,31,358
2515,600340,358
2539,600372,358
444,1979,358
430,987,359
2898,600811,359
2991,600967,359
123,537,359
2786,600686,359
19,27,360
282,767,360
565,2124,360
2983,600956,360
2614,600483,360
2325,600116,360
2520,600350,360
2255,600021,360
1138,2714,360
2324,600115,361
2262,600029,361
2415,600221,361
1877,300498,361
2359,600157,361
2800,600703,361
641,2202,361
926,2493,361
2756,600649,362
2835,600740,362
668,2230,362
3005,600984,362
2620,600491,362
1458,300070,362
803,2368,362
2139,300772,362
2734,600621,362
750,2314,363
2246,600008,363
65,301,363
406,958,363
2957,600879,363
267,736,363
283,768,363
414,967,363
2897,600810,364
707,2271,364
2625,600498,364
2962,600884,364
1657,300274,364
997,2567,365
15,21,365
2732,600619,365
902,2468,365
41,60,365
11,16,366
3188,688599,366
2787,600688,366
25,35,366
346,876,366
596,2157,366
909,2475,366
659,2221,366
1591,300207,366
241,703,367
279,761,367
1812,300433,367
2303,600089,367
2488,600309,367
408,960,367
819,2384,367
561,2120,367
245,709,368
2684,600567,368
2270,600050,368
2959,600881,368
2381,600183,368
56,100,368
519,2078,368
259,725,368
2249,600011,368
125,539,368
79,415,369
345,875,369
2460,600277,369
1339,2938,370
36,50,370
595,2156,370
2426,600233,370
252,717,371
2666,600546,371
1771,300391,372
921,2488,372
713,2277,372
511,2068,372
2289,600072,372
2680,600562,372
1765,300385,372
2320,600110,372
1109,2682,372
228,683,373
783,2347,373
1135,2709,373
2810,600714,373
3057,688068,373
782,2346,374
1435,300046,374
1397,300007,374
263,731,374
1283,2875,374
396,937,375
2976,600900,375
2990,600966,375
3010,600989,375
2252,600018,375
2375,600176,375
78,413,375
2413,600219,375
2291,600075,375
92,488,375
533,2092,376
2912,600827,376
551,2110,376
2736,600623,376
40,59,376
2567,600406,377
2721,600606,377
2802,600705,377
3026,688009,377
0,2,377
218,671,377
2353,600150,377
522,2081,377
53,90,377
44,63,377
87,425,378
2285,600066,378
1024,2594,378
2836,600741,378
66,333,378
382,921,378
2263,600031,378
2701,600585,378
2379,600180,378
850,2415,379
2698,600582,379
29,39,379
301,800,379
190,625,379
205,651,379
1019,2589,379
2845,600751,379
2334,600126,379
622,2183,380
2510,600335,380
2873,600782,380
2531,600362,380
2848,600755,380
2616,600487,380
2789,600690,380
24,34,380
285,778,381
67,338,381
2573,600418,381
195,630,381
2261,600028,381
2669,600549,381
2895,600808,381
392,932,381
2965,600887,382
390,930,382
244,708,382
363,898,382
2256,600022,382
2465,600282,382
2308,600096,382
2386,600188,382
2348,600143,382
2253,600019,382
369,905,383
1178,2758,383
1447,300058,383
361,895,383
2367,600166,383
191,626,383
2290,600073,383
2804,600707,384
2750,600642,384
1037,2608,384
128,543,384
171,600,384
2259,600026,384
2243,600004,384
570,2129,384
2454,600269,384
2813,600717,384
2519,600348,385
324,830,385
69,401,385
3006,600985,385
393,933,386
2697,600581,386
2486,600307,386
2586,600438,387
320,825,387
306,807,387
407,959,387
2699,600583,387
428,983,387
2667,600547,387
2248,600010,387
2518,600346,387
2891,600803,387
2479,600299,388
2984,600959,388
2635,600509,388
2443,600256,388
459,2015,388
163,591,388
2694,600578,388
441,1896,388
521,2080,389
2700,600584,389
2310,600098,389
2497,600320,390
2884,600795,390
962,2532,390
352,883,390
2260,600027,390
2258,600025,390
2257,600023,390
1390,3816,390
2964,600886,390
1944,300567,391
350,881,391
1379,2988,391
2220,300861,391
480,2037,391
2548,600382,391
1043,2614,391
1753,300373,391
1362,2970,391
2580,600426,392
2504,600328,392
445,2001,392
2347,600141,392
61,156,392
857,2422,392
2889,600801,392
569,2128,392
3016,600997,392
290,786,392
1327,2922,393
3171,688551,393
2024,300650,393
1102,2674,393
2022,300648,393
3091,688168,393
3085,688155,393
2711,600596,394
2575,600420,394
440,1872,394
865,2430,394
2816,600720,394
2487,600308,394
292,789,394
2715,600600,395
971,2541,395
2834,600739,395
1077,2648,395
1244,2831,395
31,42,395
1321,2916,395
1226,2812,395
3190,688981,395
2393,600196,395
2637,600511,396
134,550,396
2276,600056,396
2280,600060,396
822,2387,397
2745,600637,397
1504,300118,397
1404,300014,397
735,2299,397
2796,600697,398
482,2039,398
2634,600508,398
2332,600123,398
260,726,398
2247,600009,398
894,2460,399
2337,600129,399
2051,300677,399
3121,688289,399
86,423,399
1627,300244,399
3122,688298,399
817,2382,399
2799,600702,399
386,926,400
2919,600835,400
2636,600510,400
618,2179,400
452,2008,400
896,2462,401
2854,600761,401
2824,600729,401
491,2048,401
1131,2705,401
355,887,401
689,2251,401
1252,2841,401
3076,688111,402
384,923,402
3022,688005,402
2585,600436,402
2703,600587,402
2747,600639,402
2782,600682,402
2493,600315,402
806,2371,403
124,538,403
68,400,403
789,2353,403
167,596,403
103,513,403
2050,300676,403
2282,600062,404
2410,600216,404
2591,600449,404
1297,2889,404
254,719,404
2096,300724,404
1606,300223,405
3144,688368,405
433,990,405
2236,300878,406
1052,2623,406
3145,688369,406
2057,300683,406
3048,688039,406
3135,688338,406
3039,688025,406
2233,300875,406
2793,600694,407
438,999,407
2938,600859,407
3055,688065,407
3092,688169,407
211,661,407
2847,600754,407
155,581,407
2120,300751,407
2615,600486,407
35,49,408
1691,300308,408
1255,2845,408
2148,300782,408
3155,688399,408
2225,300866,408
94,501,409
3097,688185,409
2136,300769,409
1260,2850,409
1319,2913,409
189,623,409
1234,2821,409
2129,300761,409
2202,300841,410
3170,688550,410
3104,688200,410
3068,688095,410
3143,688366,410
2219,300860,410
1991,300616,410
3130,688318,410
3136,688339,410
344,869,411
3099,688188,411
3043,688029,411
3101,688196,411
2773,600668,411
2594,600456,411
2974,600897,411
1730,300347,411
3156,688408,412
2606,600475,412
1833,300454,412
3029,688012,412
1332,2929,412
3096,688181,412
1959,300583,413
3038,688023,413
3041,688027,413
3111,688229,413
1852,300473,413
3033,688018,414
3053,688058,414
3103,688199,414
828,2393,414
2069,300695,414
2150,300785,415
3034,688019,415
3035,688020,415
3119,688286,415
3058,688069,415
3147,688378,415
3182,688580,415
2195,300833,415
3050,688051,415
2142,300776,416
373,910,416
265,733,416
3138,688357,416
3151,688390,416
3105,688202,416
3031,688016,416
2156,300791,416
3187,688598,416
1187,2768,417
1209,2791,417
443,1965,418
2668,600548,418
3052,688056,418
2785,600685,418
1335,2932,418
2376,600177,419
2555,600390,419
70,402,419
2281,600061,419
2943,600864,419
875,2440,420
1150,2727,420
2683,600566,420
671,2233,420
1422,300033,420
2995,600971,420
442,1914,420
940,2508,420
2508,600332,421
2455,600271,421
115,528,421
2726,600612,421
1166,2745,421
411,963,421
401,951,421
2119,300750,421
2896,600809,422
740,2304,422
2128,300760,422
2837,600742,422
475,2032,422
2540,600373,422
2644,600519,422
3153,688396,422
149,568,422
2755,600648,422
2857,600765,423
647,2208,423
2491,600312,423
2765,600660,424
2452,600267,424
347,877,424
2476,600295,424
1031,2601,424
2329,600120,425
541,2100,425
1793,300413,425
1508,300122,425
365,900,425
1510,300124,425
2543,600377,425
2696,600580,425
1033,2603,425
858,2423,426
2522,600352,426
2301,600085,426
2546,600380,426
2459,600276,426
2853,600760,426
337,858,426
2658,600535,426
797,2362,427
2446,600259,427
3071,688099,427
2746,600638,428
810,2375,428
2341,600133,428
2553,600388,428
2357,600155,428
3088,688159,429
3062,688081,429
1383,2992,429
632,2193,429
378,917,429
1587,300203,429
2170,300807,429
749,2313,429
3113,688256,430
2345,600138,430
3176,688561,430
2500,600323,430
1461,300073,431
3084,688139,431
2014,300639,431
471,2028,431
492,2049,431
879,2444,431
808,2373,432
2467,600284,432
1066,2637,433
1375,2984,433
2478,600298,433
468,2025,434
2194,300832,434
1935,300558,434
2226,300867,434
1849,300470,434
1323,2918,434
2203,300842,434
2169,300806,434
2814,600718,435
1654,300271,435
831,2396,435
2210,300850,436
3162,688508,436
2423,600230,436
3011,600990,436
1993,300618,436
1214,2798,436
3149,688388,436
2227,300868,436
477,2034,436
2127,300759,436
1376,2985,437
1992,300617,437
2097,300725,437
3164,688516,437
1355,2960,437
2217,300858,438
2191,300829,438
2103,300732,438
3154,688398,438
834,2399,438
2185,300823,438
2178,300816,438
1378,2987,438
2153,300788,438
2164,300800,438
2445,600258,439
2695,600579,439
1616,300233,439
3148,688379,440
2271,600051,440
2213,300853,440
1318,2912,440
3066,688089,440
1357,2963,440
3140,688360,440
3116,688268,440
2151,300786,440
2231,300872,440
229,685,441
2034,300660,441
1929,300552,441
1677,300294,441
2876,600785,441
2138,300771,441
3158,688466,442
815,2380,442
1970,300594,442
1064,2635,442
672,2234,442
3064,688086,442
3172,688555,442
3056,688066,442
1098,2669,442
2173,300810,443
3180,688569,443
3027,688010,443
3107,688215,443
1911,300533,443
2188,300826,443
3047,688037,444
1172,2751,444
3078,688118,444
590,2151,444
3114,688258,445
3073,688101,445
2026,300652,445
1495,300109,445
2517,600345,445
583,2144,445
2124,300756,445
1142,2718,445
3042,688028,445
1278,2869,446
1336,2933,446
3127,688311,446
3067,688090,446
3028,688011,446
3032,688017,446
1995,300620,446
2154,300789,446
2197,300836,446
3021,688004,446
2137,300770,447
876,2441,447
1369,2978,447
1325,2920,447
2131,300763,447
2963,600885,447
1012,2582,447
1027,2597,447
542,2101,448
199,635,448
2177,300815,449
829,2394,449
1354,2959,449
1176,2756,449
1663,300280,449
2681,600563,449
1380,2989,450
1875,300496,450
2182,300820,450
3124,688300,450
2222,300863,450
1381,2990,450
2230,300871,450
1822,300443,451
2212,300852,451
1972,300596,451
3141,688363,451
2406,600211,451
1384,2993,451
1160,2738,452
2174,300811,452
3036,688021,452
2196,300835,452
2076,300702,453
3163,688513,453
1426,300037,453
3132,688333,454
3110,688228,454
1340,2940,455
3139,688358,455
1382,2991,455
2223,300864,456
2229,300870,456
1385,2995,456
3086,688157,456
3160,688500,457
1373,2982,457
3054,688060,457
1619,300236,457
3133,688335,457
1351,2955,457
1862,300483,457
1377,2986,457
3061,688080,458
3080,688123,458
1941,300564,458
1263,2853,458
2053,300679,458
3059,688077,458
844,2409,458
2232,300873,458
3152,688393,458
3100,688189,459
2971,600894,459
2856,600764,459
2111,300741,459
2671,600551,459
1358,2965,459
2215,300856,460
3166,688519,460
2082,300709,460
2235,300877,460
2211,300851,460
3137,688356,460
3098,688186,460
3094,688178,460
2221,300862,460
2180,300818,461
1145,2722,461
1284,2876,461
3049,688050,461
1368,2977,461
1977,300601,461
1989,300613,461
2017,300642,461
2093,300721,461
2751,600643,462
2993,600969,462
353,885,462
52,89,462
156,582,462
1501,300115,462
2369,600168,462
515,2074,462
688,2250,462
494,2051,463
214,666,463
1206,2788,463
45,65,463
1808,300428,463
2284,600064,463
1192,2773,464
2552,600387,464
322,828,464
2087,300715,464
30,40,465
3087,688158,465
3178,688567,465
3095,688180,465
1456,300068,465
2266,600037,465
321,826,465
868,2433,466
1913,300535,466
2494,600316,466
2083,300710,466
2160,300796,466
2046,300672,466
2172,300809,466
1879,300500,466
2055,300681,466
2123,300755,467
1861,300482,467
3040,688026,467
2035,300661,467
1177,2757,467
1371,2980,467
3112,688233,468
431,988,468
1925,300548,468
2045,300671,468
1279,2870,468
1789,300409,468
1307,2900,468
1155,2732,468
161,589,469
1829,300450,469
1596,300212,469
1167,2746,469
34,48,469
1763,300383,470
2776,600674,470
703,2267,470
114,526,471
367,902,471
394,935,471
2855,600763,471
2554,600389,471
8,11,471
1788,300408,471
18,26,471
1842,300463,471
3079,688122,471
661,2223,472
695,2258,472
1798,300418,472
1002,2572,472
219,672,472
2073,300699,473
200,636,473
1983,300607,473
2095,300723,473
1580,300196,473
2653,600529,473
2930,600850,474
1948,300571,474
1276,2867,474
2577,600422,474
2036,300662,474
3019,688002,475
579,2138,475
1157,2734,475
71,403,475
3013,600993,476
2100,300729,476
2155,300790,476
1246,2833,476
2532,600363,476
1774,300394,476
1156,2733,477
2063,300689,477
1207,2789,477
1270,2861,477
2205,300845,477
2753,600645,477
3146,688377,477
1974,300598,477
824,2389,477
3020,688003,477
3063,688085,478
758,2322,478
751,2315,478
1093,2664,478
1282,2873,478
1180,2760,478
3025,688008,478
1837,300458,478
3077,688116,478
1949,300572,478
1179,2759,479
1041,2612,479
629,2190,479
2739,600628,479
2250,600012,479
2198,300837,480
3174,688558,480
1951,300575,480
2157,300792,480
1110,2683,480
2064,300690,480
2208,300848,480
1366,2975,480
3030,688015,480
1342,2942,480
987,2557,481
2850,600757,481
2505,600329,481
717,2281,481
2972,600895,481
300,799,481
1329,2925,481
2245,600007,481
1025,2595,481
547,2106,481
108,519,482
1836,300457,482
626,2187,482
2675,600557,482
1732,300349,482
952,2521,482
472,2029,482
2309,600097,483
2394,600197,483
118,531,484
2544,600378,484
771,2335,484
319,823,484
131,546,484
1015,2585,485
1897,300518,485
2116,300747,485
2998,600976,485
1866,300487,485
1950,300573,485
1881,300502,486
377,915,486
552,2111,486
2184,300822,486
3126,688310,487
2144,300778,487
2176,300813,487
1326,2921,487
1803,300423,487
1956,300580,487
3128,688312,487
1288,2880,487
3018,688001,488
1273,2864,488
1231,2818,488
1303,2896,488
2234,300876,488
2179,300817,488
2526,600356,488
1420,300031,488
1352,2956,488
1312,2906,489
1,4,489
2189,300827,489
1345,2947,489
2019,300644,489
1853,300474,489
2224,300865,489
3120,688288,489
1306,2899,489
2152,300787,489
2165,300801,490
1090,2661,490
2000,300625,490
3175,688559,491
3177,688566,491
1165,2743,491
2047,300673,491
2200,300839,491
826,2391,491
1884,300505,491
1714,300331,491
1304,2897,491
113,525,492
2474,600292,492
1191,2772,492
1372,2981,493
651,2212,493
3102,688198,493
1841,300462,493
2336,600128,493
1892,300513,493
3037,688022,493
1985,300609,493
3125,688309,493
1934,300557,493
598,2159,494
1343,2943,494
2181,300819,494
3044,688030,495
1546,300161,495
3134,688336,495
2114,300745,495
2940,600861,495
1274,2865,495
592,2153,495
186,619,495
1281,2872,495
2104,300733,496
1869,300490,496
1298,2890,496
1930,300553,496
1316,2910,496
129,544,497
2175,300812,497
1954,300578,497
1287,2879,497
1299,2891,497
462,2019,497
3108,688218,498
3060,688078,498
2006,300631,498
2239,300881,498
2146,300780,498
1940,300563,498
2749,600641,498
1049,2620,498
2449,600262,498
3185,688589,499
1883,300504,499
1367,2976,499
246,710,499
